id,first_name,last_name,email,gender,ip_address
dde8d295-5ec2-4738-9308-811406e5a080,Nadya,Blindmann,nblindmann0@mozilla.com,Female,249.228.26.147
65f80de2-22c2-4e9f-a701-230667c408b5,Amber,Utley,autley1@wikimedia.org,Female,22.106.99.148
449b3510-0ab4-4c46-a0d8-f411569fea61,Joy,Seeking,jseeking2@i2i.jp,Female,236.70.31.56
d48cef1f-d87d-41d0-b5c9-c234bfd0f4df,Ulrich,Blyden,ublyden3@archive.org,Male,88.104.111.137
f65e2051-8062-4e9f-8af4-68ec79247d95,Marleah,Egdal,megdal4@jugem.jp,Female,105.134.154.213
e550d073-db04-4196-bea3-2898e8eaec99,Orazio,Nelthorp,onelthorp5@google.co.uk,Male,105.188.129.86
de23ad74-9190-44f4-b298-d8222294fcab,Rhoda,Newbold,rnewbold6@microsoft.com,Female,79.190.126.229
8a67e3cb-13ad-4df4-88c6-631a2c5637ed,Rana,Heatley,rheatley7@vistaprint.com,Female,191.249.176.38
043c9025-6a26-4578-944d-6c04a3b7d2ac,Bryna,Pellington,bpellington8@mail.ru,Female,187.166.64.117
68ce3f28-d032-4bed-af5e-b723c22fc950,Kienan,Burgon,kburgon9@prlog.org,Male,80.211.255.139
